title,link
২০২৫ শিক্ষাবর্ষের সকল স্তরের পাঠ্যপুস্তক,https://nctb.portal.gov.bd/site/page/d01e72b0-8ecd-4c81-bffd-c9e117b7fdad/-
২০২৪ শিক্ষাবর্ষের সকল স্তরের পাঠ্যপুস্তক,https://nctb.portal.gov.bd/site/page/26e9ece7-e02f-4be5-82c9-72d8a4f971b0/-
২০২৩ শিক্ষাবর্ষের সকল স্তরের পাঠ্যপুস্তক,https://nctb.portal.gov.bd/site/page/85da3a9e-fd7f-4b2f-be74-f8e6637ae785/-
২০২২ শিক্ষাবর্ষের সকল স্তরের পাঠ্যপুস্তক,https://nctb.portal.gov.bd/site/page/7ae32770-9164-4479-a5e3-243a553416ef/-
২০২১ শিক্ষাবর্ষের সকল স্তরের পাঠ্যপুস্তক,https://nctb.portal.gov.bd/site/page/f5214c3d-0672-45b3-88cf-b23022c9f45f/-
২০২০ শিক্ষাবর্ষের সকল স্তরের পাঠ্যপুস্তক,https://nctb.portal.gov.bd/site/page/06666571-1632-4dd4-b534-0a7450947e3b/-
২০১৯ শিক্ষাবর্ষের সকল স্তরের পাঠ্যপুস্তক,https://nctb.portal.gov.bd/site/page/e6551aa3-2cd8-4e23-89cc-8a49cca3dc69/-
২০১৮ শিক্ষাবর্ষের সকল স্তরের পাঠ্যপুস্তকের তালিকা,https://nctb.portal.gov.bd/site/page/91bd230a-d966-4015-b4d6-f6eb644ab3ea/-
২০১৭ শিক্ষাবর্ষের সকল স্তরের পাঠ্যপুস্তকের তালিকা,https://nctb.portal.gov.bd/site/page/63728c01-bbb8-40ab-8dad-0b476e5dfeb6/-
English for Today Listening Text,https://nctb.portal.gov.bd/site/page/2cf0f1d9-e5eb-45c9-8be6-95c870e18d25/-
